longitud,tiempo,gravedad,error,planeta,id_planeta
1.0,0.46,9.45179584120983,0.42167714144276636,Tierra,2.0
2.0,0.66,9.182736455463727,0.2820271836997442,Saturno,9.0
1.9318484209642603,0.6488937078615953,9.176053078144692,0.2867823441521339,,
0.9333296167429083,0.46530307298030793,8.62170584296483,0.3819243040674777,,
1.3668871883167766,0.5297469034524602,9.741499554693405,0.37462083691006953,,
1.4535614030803028,0.5498287965250572,9.616309105418173,0.3559940610185857,,
1.830867943464279,0.6245194544906885,9.388475407423458,0.3050039130769117,,
1.0715900828545832,0.4767692857502753,9.428489940275174,0.4051842817343438,,
1.5891670002924534,0.5933831763405031,9.026701388655432,0.30950217108405537,,
1.3190961685044373,0.528361365660927,9.450272822796078,0.36482354347088525,,
1.0306942396243965,0.46727955272273614,9.440745482970716,0.41432423292221154,,
1.6127107380229153,0.5857047668657568,9.402188546710072,0.32630602651605994,,
1.671458679540415,0.5953472294651303,9.431591157601458,0.32182877861716763,,
1.8590920255207626,0.636683905158355,9.172403277872029,0.29232420971892986,,
1.4519033867504452,0.5413083544549838,9.910104955771445,0.37246135957758547,,
1.9752910568923947,0.6527233876154929,9.272626032732136,0.2879730582881672,,
1.9315847413730511,0.6454900199633575,9.27181372314957,0.2912624479938815,,
1.6315477188396366,0.5827640706027932,9.608248785184614,0.33496487874795894,,
1.4866107313997434,0.5550910515450664,9.649366603987097,0.35367509286555593,,
1.6517990830818996,0.587428353502327,9.57364692364632,0.3310640077127564,,
1.97893796050852,0.6384360049854065,9.710183392335699,0.30811866621037104,,
1.330762862226695,0.520584391277603,9.820834290735808,0.3844499910981841,,
0.9875562198195597,0.4632543773712586,9.203494578225545,0.40812375314671123,,
1.6578279421551372,0.5923461384416896,9.449706670419745,0.3241119122475917,,
1.9515617177931597,0.6456240768354365,9.363815548487292,0.2940117616347473,,
1.6717911853060845,0.5928499431829954,9.513108751887602,0.32593379995996785,,
1.3929326358554353,0.5343427067796903,9.757090591922614,0.37185674646746764,,
1.055830696791463,0.464722396622596,9.777708230626951,0.43086750740707835,,
1.1886929626508989,0.5076785267356384,9.22405955574369,0.37157490756661293,,
1.8087632420134374,0.6255194755205999,9.245492429682743,0.29999674875525817,,
1.2860453445437598,0.5407730639815083,8.795411740067273,0.3324020630218019,,
1.481960418323102,0.5399376268113992,10.166686063137934,0.3827851287697174,,
1.9890768768764344,0.6501012218588754,9.41281666194252,0.2934212298117067,,
1.4783768222538565,0.5560840543011117,9.5616811438316,0.3499224970805248,,
1.5660472086097221,0.5879810604310671,9.059582226844839,0.31354199006968414,,
1.1945708057103235,0.5114822855217072,9.132311110296031,0.36518358536823076,,
1.2659142971543809,0.4927829850400686,10.426124162015576,0.43109338129259905,,
1.5015061323633099,0.5701019523386204,9.23957615511064,0.32992701959253296,,
1.4062613871442229,0.539405973489971,9.666395150568341,0.36494093896473895,,
1.8325588130062298,0.6280338513263869,9.29226980166024,0.30022917006417815,,
1.3173259820755971,0.5131021983645122,10.007267354392424,0.3973976189250533,,
1.7293028769347427,0.6175566937243924,9.068749228151367,0.29834287188191483,,
1.2222447104502665,0.4994590009361031,9.799151538777796,0.4004974141878282,,
1.7105082866537407,0.5925686838919513,9.742665364308625,0.33372471015323946,,
1.125213713618633,0.49180306220545433,9.304275365318315,0.38730397884594864,,
1.6164645753473483,0.6006761413866535,8.960152939242588,0.30344135936474664,,
1.3017506592592387,0.5161050054658695,9.774209866561927,0.3861388000867343,,
1.76888903750531,0.609882061696944,9.51127780260693,0.31650626651819314,,
1.9235544084201492,0.6465591369677366,9.202757196652628,0.2886609865208978,,
1.0786964161018726,0.46270606127199565,10.07671218448957,0.4454606776718237,,
1.8234239708973805,0.6279329358478801,9.248922270518587,0.2989180855817813,,
2.00243676586771,0.6580626662046436,9.24813798206458,0.2848407858072757,,
1.2465520629217715,0.5295400818196477,8.890838900559308,0.3432858085595736,,
1.02056017680958,0.4750521147737355,9.044532046539944,0.39095774403180594,,
1.9844678663114093,0.6413061841648103,9.650353248498359,0.30486279815909406,,
1.8141428166072837,0.6206257287082948,9.419805110139764,0.30796717793746553,,
1.7248405480791464,0.6093112188177786,9.29181596905399,0.3097150834700507,,
1.1166888645175959,0.4785722094287989,9.75140580123818,0.4167717723165227,,
1.403059727712972,0.5331782909835536,9.871001963814631,0.37689472155434817,,
1.070850149889188,0.46931652625863834,9.723598153467892,0.4242049734945183,,
1.3453292891545958,0.5332517504592084,9.462241181076674,0.36179082514305994,,
1.208347097987779,0.49493558467845045,9.86561900659199,0.4069373242360471,,
1.536652876586525,0.5766704867124571,9.241667054049827,0.3261117461875906,,
1.058884316293616,0.46483821477039866,9.801100947069372,0.43173822750269564,,
1.0430285302024669,0.49415423643297046,8.542817677799444,0.3553235960933308,,
1.0820317567346307,0.46662432476731186,9.938829808101621,0.43577889990286883,,
1.5606470154130565,0.567675939281225,9.685760084067898,0.3468403774648762,,
1.964582251152986,0.6510218454077955,9.270626581902658,0.2886851977954006,,
1.612802140988541,0.5901863477242462,9.260464446889962,0.31902459710769127,,
1.7078937494812578,0.5903265031623837,9.801810037683117,0.3370037473604944,,
1.9713575745870335,0.6386239320508762,9.66729614184667,0.30669978860505476,,
0.9766241872783243,0.4649398967766585,9.03574241532334,0.39954409194267576,,
1.9557996682073469,0.653643744254573,9.155290846956044,0.284015131763783,,
1.5880817969911813,0.5726703690912257,9.684862032575356,0.3436890104767265,,
1.27971009504404,0.5083086546483506,9.90573220943413,0.3973648518618506,,
1.5615382563849232,0.5739528073634017,9.480478447377548,0.33588989958440224,,
1.3290748491838573,0.531802579344177,9.398933059951332,0.3604791974748785,,
1.4916435881117471,0.5663044801514564,9.302401206610577,0.3343967311852139,,
2.007417927508526,0.6476819338006085,9.570711558146677,0.29935835011856754,,
1.7201942635267413,0.6140206347235307,9.12518248509125,0.30192391384853046,,
1.6675926304959137,0.5972567268056228,9.349704028531288,0.3180688402521887,,
1.1867781017970727,0.5124919457347918,9.03702390200036,0.3607970340990962,,
1.4220439862664633,0.5561501302826775,9.195152559694945,0.33693443955991614,,
1.1353938979101188,0.48446383676666505,9.675063472993566,0.40840205289696313,,
1.707991263434578,0.5880896277040775,9.877080677292895,0.3408454156112646,,
1.3531069626367356,0.5355785639222136,9.434431848374025,0.35914123226601913,,
1.847818292929586,0.6370066250386048,9.107545709624993,0.2901649613836639,,
1.383333628256296,0.5377551849968597,9.567263099514184,0.3624813232563683,,
1.862995919761278,0.6431246466072107,9.008481530192352,0.2842898082432068,,
1.2807854086640715,0.520898391919442,9.440616012077115,0.3698929264212029,,
1.6704396447885856,0.5776592830996209,10.011917687427365,0.3517809548984834,,
1.7098795980453052,0.6210745499394318,8.865598502150394,0.2901623159079289,,
1.8775150504530886,0.6362382006080849,9.276281948452327,0.29575383773783154,,
1.9618514220220251,0.6295555146347368,9.899837005092765,0.31852498049015754,,
1.6902303355026902,0.5893457094640641,9.7327515086159,0.3352719146072524,,
1.137899328195489,0.4988446796828393,9.145409306395328,0.3753687404424318,,
1.312115640735243,0.5068859588596922,10.21366445101816,0.41044544652234055,,
1.2278399574661083,0.5228651787618208,8.982398490030201,0.3512856338954684,,
0.9420300886337853,0.46635026346767355,8.663039950953221,0.38273718291671766,,
1.0625090278740703,0.47192753288513634,9.541397598994088,0.4142101183051592,,
1.781493967124096,0.6172172100943181,9.35272785258054,0.3075747748893419,,
1.1201153561690358,0.4725520399398888,10.03213718452822,0.4339373707903983,,
